Workbook
Name Category: #REF!
Name Category: #REF!
Name Category: #REF!
Name Category: #REF!
Name Category: #REF!
Name Ingredients: #REF!
Name Ingredients: #REF!
Name Ingredients: #REF!
Name Ingredients: #REF!
Name Ingredients: #REF!
Name PackagingDimensions: #REF!
Name PackagingDimensions: #REF!
Name PackagingDimensions: #REF!
Name PackagingDimensions: #REF!
Name PackagingDimensions: #REF!
Name PackagingType: #REF!
Name PackagingType: #REF!
Name PackagingType: #REF!
Name PackagingType: #REF!
Name PackagingType: #REF!
Name Category: #REF!
Name Ingredients: #REF!
Name PackagingDimensions: #REF!
Name PackagingType: #REF!

Sheet 人环机法
A1: =配方!A1
A3: 产品名称 | D3: =配方!D3
D5: =配方!D5 | J5: 页 1 共 5 页
A7: 类别 | D7: =配方!D7 | F7: 状态 | G7: =配方!G7 | H7: 文件编号 | I7: =配方!I7
A8: 版本号 | D8: =配方!D8 | F8: 实施日期 | G8: =配方!G8 | H8: =前处理!H8
A9: 编写人 | D9: =配方!D9 | F9: QA核准 | H9: 研发批准
A11: 人
A12: 健康证件 | C12: 持证上岗，及时补办
A13: 仪容仪表 | C13: 1.工作人员进入生产车间必须穿戴整齐（头发全部收进帽子，口罩遮住口鼻） 2.接触即食产品，工衣保持干净、每天更换。
A14: 衣着穿戴 | C14: 1.工作人员不得涂指甲油，从手背看露白不超过1mm。 2.加工人员不允许佩戴饰品（如戒指、手表、手镯等）项链收进衣服内，不得裸露。 3.生产车间不允许出现私人物品
A15: 洗手消毒 | C15: 1.每次进入生产车间前必须洗手消毒。 2.按洗手消毒流程规范操作。
A16: 不良习惯 | C16: 头发裸漏、口罩未正确佩戴（遮住口鼻）。
A26: 环
A27: 专间 | D27: 配料间 | E27: 解冻间 | F27: 前处理加工间 | G27: 包装间 | H27: 冷藏间 | I27: 速冻库 | J27: 成品库
A28: 温度 | D28: 18-20℃ | E28: 12-18℃ | F28: 12-18℃ | G28: 12-15℃/常温 | H28: 0-4℃ | I28: ≤-30℃ | J28: ≤-18℃
A29: 用途 | D29: 配料 | E29: 解冻、清洗 | F29: 改刀 | G29: 包装 | H29: 静置 | I29: 成品速冻 | J29: 储存
A30: 环境 | D30: 1、现场环境干净卫生，现场环境无臭味与不良异味，温度符合要求，地面墙面天花无发霉发黑等现象，设备、工器具干净。
A35: 机
A44: 法
A45: 工艺流程 | C45: 流程1 | E45: 流程2 | F45: 流程3 | H45: 流程4 | I45: 流程5 | J45: 流程6
A46: 流程标准
A62: =配方!A33

Sheet 配方
A1: 江西龙汇肉制品有限责任公司 工艺流程
A3: 产品名称
J5: 页 2 共 5 页
A7: 类别 | F7: 状态 | H7: 文件编号
A8: 版本号 | F8: 实施日期 | H8: 生产核准
A9: 编写人 | F9: QA核准 | H9: 研发批准
B11: 产品信息 | C11: 产品编码 | D11: 产品名称 | E11: 产品规格 | F11: 单位 | G11: 保存方式 | H11: 保质期 | I11: 包装方式 | J11: 盐度
C15: 编号. | D15: NS编码 | E15: 物料名称 | G15: 状态 | H15: 重量（Kg） | I15: 备注
C20: 5 | D20: 总计
C21: 6 | D21: 参考出成（kg)
C22: 7 | D22: 参考包数（包)
C23: 8 | D23: 原料得率（%）
C24: 9 | D24: 包装得率（%）
A33: 本资料为机密文件，未经江西龙汇肉制品有限责任公司研发部门的书面许可，不得以任何形式保有或部分保有以及泄露本资料任何内容。

Sheet 调味配方
A1: =配方!A1
A3: 产品名称 | D3: =配方!D3
D5: =配方!D5 | K5: 页 3 共 5 页
A7: 类别 | D7: =配方!D7 | F7: 状态 | G7: =配方!G7 | I7: 文件编号 | J7: =配方!I7
A8: 版本号 | D8: =配方!D8 | F8: 实施日期 | G8: =配方!G8 | I8: =配方!H8
A9: 编写人 | D9: =配方!D9 | F9: QA核准 | I9: 研发批准
D10: 配方
C12: 编号. | D12: 保密代号 | E12: NS编码 | F12: 物料名称 | H12: 重量（kg） | I12: 利用率% | J12: 备注
C20: 2 | D20: 总计
A27: =配方!A33

Sheet 前处理
A1: =配方!A1
A3: 产品名称 | E3: =配方!D3
E5: =配方!D5 | J5: 页 4 共 5 页
A7: 类别 | E7: =配方!D7 | F7: 状态 | G7: =配方!G7 | H7: 文件编号 | I7: =配方!I7
A8: 版本号 | D8: A/0 | E8: =配方!D8 | F8: 实施日期 | G8: =配方!G8 | H8: =配方!H8
A9: 编写人 | E9: =配方!D9 | F9: QA核准 | H9: 研发批准
A11: NS编码 | E11: 物料名称 | F11: 重量/kg | H11: 参考利用率/% | I11: 备注
A14: 生产流程与管控标准
A15: 工艺流程 | C15: 流程1 | E15: 流程2 | F15: 流程3 | H15: 流程4 | I15: 流程5 | J15: 流程6
A16: 流程标准
A17: 流程标准
A18: 工时测定
A20: 工艺流程 | E20: 管控标准 | I20: 关键控制点
A51: =配方!A33

Sheet 包装 
A1: =配方!A1
A3: 产品名称 | D3: =配方!D3
D5: =配方!D5 | J5: 页 5 共 5 页
A7: 类别 | D7: =配方!D7 | F7: 状态 | G7: =配方!G7 | H7: 文件编号 | I7: =配方!I7
A8: 版本号 | D8: =配方!D8 | F8: 实施日期 | G8: =配方!G8 | H8: =前处理!H8
A9: 编写人 | D9: =配方!D9 | F9: QA核准 | H9: 研发批准
A10: =前处理!A20 | F10: =前处理!E20 | J10: =前处理!I20
D38: 包装物料
B40: 编号 | C40: NS编码 | E40: 物料名称 | G40: 物料内部代码 | H40: 数量（供参考） | I40: 包装规格 | J40: 备注
A57: =配方!A33

Sheet 鱼糜车间设备清单
B4: 序号 | C4: 设备名称 | D4: 设备型号 | E4: 设备数量/台 | F4: 备注
